"group","label","prompt","partition"
"source-01",0,"My experience with the film was awful.","development"
"source-01",1,"My experience with the film was excellent.","development"
"source-02",0,"My experience with the service was awful.","development"
"source-02",1,"My experience with the service was excellent.","development"
"source-03",0,"My experience with the meal was awful.","development"
"source-03",1,"My experience with the meal was excellent.","development"
"source-04",0,"My experience with the concert was awful.","development"
"source-04",1,"My experience with the concert was excellent.","development"
"source-05",0,"My experience with the book was awful.","development"
"source-05",1,"My experience with the book was excellent.","development"
"source-06",0,"My experience with the garden was awful.","development"
"source-06",1,"My experience with the garden was excellent.","development"
"source-07",0,"My experience with the phone was awful.","development"
"source-07",1,"My experience with the phone was excellent.","development"
"source-08",0,"My experience with the hotel was awful.","development"
"source-08",1,"My experience with the hotel was excellent.","development"
"source-09",0,"My experience with the lesson was awful.","development"
"source-09",1,"My experience with the lesson was excellent.","development"
"source-10",0,"My experience with the journey was awful.","development"
"source-10",1,"My experience with the journey was excellent.","development"
"source-11",0,"My experience with the meeting was awful.","development"
"source-11",1,"My experience with the meeting was excellent.","development"
"source-12",0,"My experience with the design was awful.","development"
"source-12",1,"My experience with the design was excellent.","development"
"source-13",0,"My experience with the performance was awful.","development"
"source-13",1,"My experience with the performance was excellent.","development"
"source-14",0,"My experience with the exhibition was awful.","development"
"source-14",1,"My experience with the exhibition was excellent.","development"
"source-15",0,"My experience with the game was awful.","development"
"source-15",1,"My experience with the game was excellent.","development"
"source-16",0,"My experience with the story was awful.","development"
"source-16",1,"My experience with the story was excellent.","development"
"source-17",0,"My experience with the delivery was awful.","development"
"source-17",1,"My experience with the delivery was excellent.","development"
"source-18",0,"My experience with the coffee was awful.","development"
"source-18",1,"My experience with the coffee was excellent.","development"
"source-19",0,"My experience with the workshop was awful.","development"
"source-19",1,"My experience with the workshop was excellent.","development"
"source-20",0,"My experience with the lecture was awful.","development"
"source-20",1,"My experience with the lecture was excellent.","development"
"source-21",0,"My experience with the theatre was awful.","test"
"source-21",1,"My experience with the theatre was excellent.","test"
"source-22",0,"My experience with the museum was awful.","test"
"source-22",1,"My experience with the museum was excellent.","test"
"source-23",0,"My experience with the breakfast was awful.","test"
"source-23",1,"My experience with the breakfast was excellent.","test"
"source-24",0,"My experience with the presentation was awful.","test"
"source-24",1,"My experience with the presentation was excellent.","test"
"source-25",0,"My experience with the class was awful.","test"
"source-25",1,"My experience with the class was excellent.","test"
"source-26",0,"My experience with the trip was awful.","test"
"source-26",1,"My experience with the trip was excellent.","test"
"source-27",0,"My experience with the festival was awful.","test"
"source-27",1,"My experience with the festival was excellent.","test"
"source-28",0,"My experience with the painting was awful.","test"
"source-28",1,"My experience with the painting was excellent.","test"
"source-29",0,"My experience with the interview was awful.","test"
"source-29",1,"My experience with the interview was excellent.","test"
"source-30",0,"My experience with the report was awful.","test"
"source-30",1,"My experience with the report was excellent.","test"
"source-31",0,"My experience with the product was awful.","test"
"source-31",1,"My experience with the product was excellent.","test"
"source-32",0,"My experience with the restaurant was awful.","test"
"source-32",1,"My experience with the restaurant was excellent.","test"
"source-33",0,"My experience with the course was awful.","test"
"source-33",1,"My experience with the course was excellent.","test"
"source-34",0,"My experience with the show was awful.","test"
"source-34",1,"My experience with the show was excellent.","test"
"source-35",0,"My experience with the visit was awful.","test"
"source-35",1,"My experience with the visit was excellent.","test"
"source-36",0,"My experience with the party was awful.","test"
"source-36",1,"My experience with the party was excellent.","test"
"source-37",0,"My experience with the reception was awful.","test"
"source-37",1,"My experience with the reception was excellent.","test"
"source-38",0,"My experience with the tour was awful.","test"
"source-38",1,"My experience with the tour was excellent.","test"
"source-39",0,"My experience with the experience was awful.","test"
"source-39",1,"My experience with the experience was excellent.","test"
"source-40",0,"My experience with the evening was awful.","test"
"source-40",1,"My experience with the evening was excellent.","test"
