"prompt_id","original","control"
1,0,1
2,1,0
3,0,0
4,1,1
5,0,1
6,1,0
7,0,0
8,1,1
9,0,1
10,1,0
11,0,0
12,1,1
13,0,1
14,1,0
15,0,0
16,1,1
17,0,1
18,1,0
19,0,0
20,1,1
21,0,1
22,1,0
23,0,0
24,1,1
25,0,1
26,1,0
27,0,0
28,1,1
29,0,1
30,1,0
31,0,0
32,1,1
33,0,1
34,1,0
35,0,0
36,1,1
37,0,1
38,1,0
39,0,0
40,1,1
41,0,0
42,1,1
43,0,0
44,1,1
45,0,0
46,1,1
47,0,0
48,1,1
49,0,0
50,1,1
51,0,0
52,1,1
53,0,0
54,1,1
55,0,0
56,1,1
57,0,0
58,1,1
59,0,0
60,1,1
61,0,0
62,1,1
63,0,0
64,1,1
65,0,0
66,1,1
67,0,0
68,1,1
69,0,0
70,1,1
71,0,0
72,1,1
73,0,0
74,1,1
75,0,0
76,1,1
77,0,0
78,1,1
79,0,0
80,1,1
