"prompt_id","group","partition","fold","label"
1,"source-01","development",3,0
2,"source-01","development",3,1
3,"source-02","development",4,0
4,"source-02","development",4,1
5,"source-03","development",1,0
6,"source-03","development",1,1
7,"source-04","development",4,0
8,"source-04","development",4,1
9,"source-05","development",1,0
10,"source-05","development",1,1
11,"source-06","development",2,0
12,"source-06","development",2,1
13,"source-07","development",2,0
14,"source-07","development",2,1
15,"source-08","development",4,0
16,"source-08","development",4,1
17,"source-09","development",1,0
18,"source-09","development",1,1
19,"source-10","development",3,0
20,"source-10","development",3,1
21,"source-11","development",3,0
22,"source-11","development",3,1
23,"source-12","development",2,0
24,"source-12","development",2,1
25,"source-13","development",3,0
26,"source-13","development",3,1
27,"source-14","development",2,0
28,"source-14","development",2,1
29,"source-15","development",1,0
30,"source-15","development",1,1
31,"source-16","development",1,0
32,"source-16","development",1,1
33,"source-17","development",3,0
34,"source-17","development",3,1
35,"source-18","development",2,0
36,"source-18","development",2,1
37,"source-19","development",4,0
38,"source-19","development",4,1
39,"source-20","development",4,0
40,"source-20","development",4,1
41,"source-21","test",NA,0
42,"source-21","test",NA,1
43,"source-22","test",NA,0
44,"source-22","test",NA,1
45,"source-23","test",NA,0
46,"source-23","test",NA,1
47,"source-24","test",NA,0
48,"source-24","test",NA,1
49,"source-25","test",NA,0
50,"source-25","test",NA,1
51,"source-26","test",NA,0
52,"source-26","test",NA,1
53,"source-27","test",NA,0
54,"source-27","test",NA,1
55,"source-28","test",NA,0
56,"source-28","test",NA,1
57,"source-29","test",NA,0
58,"source-29","test",NA,1
59,"source-30","test",NA,0
60,"source-30","test",NA,1
61,"source-31","test",NA,0
62,"source-31","test",NA,1
63,"source-32","test",NA,0
64,"source-32","test",NA,1
65,"source-33","test",NA,0
66,"source-33","test",NA,1
67,"source-34","test",NA,0
68,"source-34","test",NA,1
69,"source-35","test",NA,0
70,"source-35","test",NA,1
71,"source-36","test",NA,0
72,"source-36","test",NA,1
73,"source-37","test",NA,0
74,"source-37","test",NA,1
75,"source-38","test",NA,0
76,"source-38","test",NA,1
77,"source-39","test",NA,0
78,"source-39","test",NA,1
79,"source-40","test",NA,0
80,"source-40","test",NA,1
